Flow Duration,Tot Fwd Pkts,Tot Bwd Pkts,TotLen Fwd Pkts,TotLen Bwd Pkts,Fwd Pkt Len Max,Fwd Pkt Len Min,Fwd Pkt Len Mean,Fwd Pkt Len Std,Bwd Pkt Len Max,Bwd Pkt Len Min,Bwd Pkt Len Mean,Bwd Pkt Len Std,Flow Byts/s,Flow Pkts/s,Flow IAT Mean,Flow IAT Std,Flow IAT Max,Flow IAT Min,Fwd IAT Tot,Fwd IAT Mean,Fwd IAT Std,Fwd IAT Max,Fwd IAT Min,Bwd IAT Tot,Bwd IAT Mean,Bwd IAT Std,Bwd IAT Max,Bwd IAT Min,Bwd PSH Flags,Bwd URG Flags,Fwd Header Len,Bwd Header Len,Fwd Pkts/s,Bwd Pkts/s,Pkt Len Min,Pkt Len Max,Pkt Len Mean,Pkt Len Std,Pkt Len Var,FIN Flag Cnt,SYN Flag Cnt,RST Flag Cnt,PSH Flag Cnt,ACK Flag Cnt,URG Flag Cnt,CWE Flag Count,ECE Flag Cnt,Down/Up Ratio,Pkt Size Avg,Fwd Seg Size Avg,Bwd Seg Size Avg,Subflow Fwd Pkts,Subflow Fwd Byts,Subflow Bwd Pkts,Subflow Bwd Byts,Init Bwd Win Byts,Fwd Act Data Pkts,Active Mean,Active Std,Active Max,Active Min,Idle Mean,Idle Std,Idle Max,Idle Min,True_Label
6010354,3,6,18,932,18,0,6.0,10.3923,932,0,155.3333,380.4874,158.0606,1.4974,751294.25,1425538.731,3597491,58,6005602,3002801.0,841100.6878,3597549,2408053,6010354,1202070.8,1696988.818,3597605,167,0,0,72,156,0.4991,0.9983,0,932,95.0,294.1462,86522.0,0,1,0,0,0,0,0,0,2,105.5556,6.0,155.3333,3,18,6,932,46,1,0,0,0,0,0,0,0,0,Port_Scan
5678,4,8,321,4434,321,0,80.25,160.5,1460,0,554.25,750.2544,837442.7615,2113.4202,516.1818,934.647,3019,41,5518,1839.3333,1371.1383,3019,335,5678,811.1429,1139.8284,3134,60,0,0,80,184,704.4734,1408.9468,0,1460,365.7692,629.9156,396793.6923,0,1,0,0,0,0,0,0,2,396.25,80.25,554.25,4,321,8,4434,54,1,0,0,0,0,0,0,0,0,Brute_Force
856,2,2,0,0,0,0,0.0,0.0,0,0,0.0,0.0,0.0,4672.8972,285.3333,181.6049,485,130,130,130.0,0.0,130,130,485,485.0,0.0,485,485,0,0,40,64,2336.4486,2336.4486,0,0,0.0,0.0,0.0,0,1,0,0,0,0,0,0,1,0.0,0.0,0.0,2,0,2,0,5840,0,0,0,0,0,0,0,0,0,Port_Scan
6000,4,8,324,4434,324,0,81.0,162.0,1460,0,554.25,750.2544,793000.0,2000.0,545.4545,913.2717,2535,40,5815,1938.3333,1455.8518,3236,364,6000,857.1429,1086.0214,2535,67,0,0,80,184,666.6667,1333.3333,0,1460,366.0,629.8984,396772.0,0,1,0,0,0,0,0,0,2,396.5,81.0,554.25,4,324,8,4434,54,1,0,0,0,0,0,0,0,0,Brute_Force
7580,4,5,383,822,238,0,95.75,100.8047,409,0,164.4,223.2942,158970.9763,1187.3351,947.5,1501.7275,4499,66,7211,2403.6667,2261.9453,4886,459,7192,1798.0,2206.2646,4892,96,0,0,80,124,527.7045,659.6306,0,409,120.5,168.8301,28503.6111,0,1,0,0,0,0,0,0,1,133.8889,95.75,164.4,4,383,5,822,255,3,0,0,0,0,0,0,0,0,Normal
14359,1,1,0,0,0,0,0.0,0.0,0,0,0.0,0.0,0.0,139.2855,14359.0,0.0,14359,14359,0,0.0,0.0,0,0,0,0.0,0.0,0,0,0,0,20,20,69.6427,69.6427,0,0,0.0,0.0,0.0,0,0,0,0,1,0,0,0,1,0.0,0.0,0.0,1,0,1,0,4106,0,0,0,0,0,0,0,0,0,Brute_Force
7728,3,7,316,4434,316,0,105.3333,182.4427,1460,0,633.4286,773.4224,614648.0331,1293.9959,858.6667,1019.3315,2656,26,5535,2767.5,157.6848,2879,2656,7728,1288.0,1924.3876,5099,26,0,0,60,164,388.1988,905.7971,0,1460,431.8182,666.816,444643.5636,0,1,0,0,0,0,0,0,2,475.0,105.3333,633.4286,3,316,7,4434,54,1,0,0,0,0,0,0,0,0,Brute_Force
104785191,2,7,2,64,1,1,1.0,0.0,39,0,9.1429,15.879,0.6299,0.0859,13098148.88,20318940.31,45000488,0,45060050,45060050.0,0.0,45060050,45060050,104785191,17464198.5,22110381.08,45066254,0,0,0,40,176,0.0191,0.0668,0,39,6.7,13.5487,183.5667,0,0,0,0,1,0,0,0,3,7.4444,1.0,9.1429,2,2,7,64,265,2,65666,93,65766,65581,34862697,17553797,45000488,14593318,Normal
12097,1,1,0,0,0,0,0.0,0.0,0,0,0.0,0.0,0.0,165.3302,12097.0,0.0,12097,12097,0,0.0,0.0,0,0,0,0.0,0.0,0,0,0,0,20,20,82.6651,82.6651,0,0,0.0,0.0,0.0,0,0,0,0,1,0,0,0,1,0.0,0.0,0.0,1,0,1,0,4106,0,0,0,0,0,0,0,0,0,Brute_Force
10808,1,1,0,0,0,0,0.0,0.0,0,0,0.0,0.0,0.0,185.0481,10808.0,0.0,10808,10808,0,0.0,0.0,0,0,0,0.0,0.0,0,0,0,0,20,20,92.5241,92.5241,0,0,0.0,0.0,0.0,0,0,0,0,1,0,0,0,1,0.0,0.0,0.0,1,0,1,0,4106,0,0,0,0,0,0,0,0,0,Brute_Force
8199,1,1,0,0,0,0,0.0,0.0,0,0,0.0,0.0,0.0,243.9322,8199.0,0.0,8199,8199,0,0.0,0.0,0,0,0,0.0,0.0,0,0,0,0,20,20,121.9661,121.9661,0,0,0.0,0.0,0.0,0,0,0,0,1,0,0,0,1,0.0,0.0,0.0,1,0,1,0,513,0,0,0,0,0,0,0,0,0,Brute_Force
8587,1,1,0,0,0,0,0.0,0.0,0,0,0.0,0.0,0.0,232.9102,8587.0,0.0,8587,8587,0,0.0,0.0,0,0,0,0.0,0.0,0,0,0,0,20,20,116.4551,116.4551,0,0,0.0,0.0,0.0,0,0,0,0,1,0,0,0,1,0.0,0.0,0.0,1,0,1,0,4106,0,0,0,0,0,0,0,0,0,Brute_Force
11287,4,8,322,4434,322,0,80.5,161.0,1460,0,554.25,750.2544,421369.7174,1063.17,1026.0909,2244.4138,7377,56,11049,3683.0,3937.325,8019,331,11287,1612.4286,2721.6032,7377,117,0,0,80,184,354.39,708.78,0,1460,365.8462,629.9098,396786.3077,0,1,0,0,0,0,0,0,2,396.3333,80.5,554.25,4,322,8,4434,54,1,0,0,0,0,0,0,0,0,Brute_Force
3430,1,1,0,0,0,0,0.0,0.0,0,0,0.0,0.0,0.0,583.0904,3430.0,0.0,3430,3430,0,0.0,0.0,0,0,0,0.0,0.0,0,0,0,0,20,20,291.5452,291.5452,0,0,0.0,0.0,0.0,0,0,0,0,1,0,0,0,1,0.0,0.0,0.0,1,0,1,0,4106,0,0,0,0,0,0,0,0,0,Brute_Force
15552,1,1,0,0,0,0,0.0,0.0,0,0,0.0,0.0,0.0,128.6008,15552.0,0.0,15552,15552,0,0.0,0.0,0,0,0,0.0,0.0,0,0,0,0,20,20,64.3004,64.3004,0,0,0.0,0.0,0.0,0,0,0,0,1,0,0,0,1,0.0,0.0,0.0,1,0,1,0,4106,0,0,0,0,0,0,0,0,0,Brute_Force
8871,3,7,316,4434,316,0,105.3333,182.4427,1460,0,633.4286,773.4224,535452.5984,1127.2686,985.6667,1222.7069,3390,46,6594,3297.0,1616.4461,4440,2154,8871,1478.5,1329.1346,3390,94,0,0,60,164,338.1806,789.088,0,1460,431.8182,666.816,444643.5636,0,1,0,0,0,0,0,0,2,475.0,105.3333,633.4286,3,316,7,4434,54,1,0,0,0,0,0,0,0,0,Brute_Force
119545274,41,1,820,20,20,20,20.0,0.0,20,20,20.0,0.0,7.0266,0.3513,2915738.39,2131.2999,2917108,2907496,116629011,2915725.275,2156.7751,2917108,2907496,0,0.0,0.0,0,0,0,0,328,8,0.343,0.0084,20,20,20.0,0.0,0.0,0,0,0,0,0,0,0,0,0,20.4762,20.0,20.0,41,820,1,20,-1,41,0,0,0,0,0,0,0,0,Normal
9631,4,8,325,4434,325,0,81.25,162.5,1460,0,554.25,750.2544,494133.5272,1245.9765,875.5455,1853.5898,5977,45,9465,3155.0,3144.6774,6531,309,9631,1375.8571,2247.581,5977,65,0,0,80,184,415.3255,830.651,0,1460,366.0769,629.8929,396765.0769,0,1,0,0,0,0,0,0,2,396.5833,81.25,554.25,4,325,8,4434,54,1,0,0,0,0,0,0,0,0,Brute_Force
21347,1,1,0,0,0,0,0.0,0.0,0,0,0.0,0.0,0.0,93.69,21347.0,0.0,21347,21347,0,0.0,0.0,0,0,0,0.0,0.0,0,0,0,0,20,20,46.845,46.845,0,0,0.0,0.0,0.0,0,0,0,0,1,0,0,0,1,0.0,0.0,0.0,1,0,1,0,4106,0,0,0,0,0,0,0,0,0,Brute_Force
90214166,2,4,2,1,1,1,1.0,0.0,1,0,0.25,0.5,0.0333,0.0665,18042833.2,24605563.01,44997017,73376,45070393,45070393.0,0.0,45070393,45070393,90214166,30071388.67,25978980.41,45070607,73446,0,0,40,116,0.0222,0.0443,0,1,0.5714,0.5345,0.2857,0,0,0,0,1,0,0,0,2,0.6667,1.0,0.25,2,2,4,1,265,2,73411,49,73446,73376,44996877,198,44997017,44996737,Normal
1650,1,1,0,0,0,0,0.0,0.0,0,0,0.0,0.0,0.0,1212.1212,1650.0,0.0,1650,1650,0,0.0,0.0,0,0,0,0.0,0.0,0,0,0,0,20,20,606.0606,606.0606,0,0,0.0,0.0,0.0,0,0,0,0,1,0,0,0,1,0.0,0.0,0.0,1,0,1,0,4106,0,0,0,0,0,0,0,0,0,Brute_Force
8234,4,8,316,4434,316,0,79.0,158.0,1460,0,554.25,750.2544,576876.3663,1457.3719,748.5455,1398.3296,3718,48,8000,2666.6667,2071.0194,4254,324,8234,1176.2857,1684.5311,3718,92,0,0,80,184,485.7906,971.5812,0,1460,365.3846,629.9468,396832.9231,0,1,0,0,0,0,0,0,2,395.8333,79.0,554.25,4,316,8,4434,54,1,0,0,0,0,0,0,0,0,Brute_Force
10696063,11,11,1013,1618,236,0,92.0909,70.4719,428,0,147.0909,158.5191,245.9784,2.0568,509336.3333,2318960.979,10630019,73,10694717,1069471.7,3359264.957,10630019,918,10695685,1069568.5,3376256.584,10678563,1070,0,0,220,244,1.0284,1.0284,0,428,114.3913,122.7087,15057.4308,0,1,0,0,0,0,0,0,1,119.5909,92.0909,147.0909,11,1013,11,1618,252,9,61211,0,61211,61211,10630019,0,10630019,10630019,Normal
2102,1,1,0,0,0,0,0.0,0.0,0,0,0.0,0.0,0.0,951.4748,2102.0,0.0,2102,2102,0,0.0,0.0,0,0,0,0.0,0.0,0,0,0,0,20,20,475.7374,475.7374,0,0,0.0,0.0,0.0,0,0,0,0,1,0,0,0,1,0.0,0.0,0.0,1,0,1,0,4106,0,0,0,0,0,0,0,0,0,Brute_Force
13183,1,1,0,0,0,0,0.0,0.0,0,0,0.0,0.0,0.0,151.7105,13183.0,0.0,13183,13183,0,0.0,0.0,0,0,0,0.0,0.0,0,0,0,0,20,20,75.8553,75.8553,0,0,0.0,0.0,0.0,0,0,0,0,1,0,0,0,1,0.0,0.0,0.0,1,0,1,0,4106,0,0,0,0,0,0,0,0,0,Brute_Force
16625,4,8,320,4434,320,0,80.0,160.0,1460,0,554.25,750.2544,285954.8872,721.8045,1511.3636,3345.1536,10827,52,16303,5434.3333,5673.8215,11548,338,16625,2375.0,4069.8412,10827,127,0,0,80,184,240.6015,481.203,0,1460,365.6923,629.9216,396801.2308,0,1,0,0,0,0,0,0,2,396.1667,80.0,554.25,4,320,8,4434,54,1,0,0,0,0,0,0,0,0,Brute_Force
19388,1,1,0,0,0,0,0.0,0.0,0,0,0.0,0.0,0.0,103.1566,19388.0,0.0,19388,19388,0,0.0,0.0,0,0,0,0.0,0.0,0,0,0,0,20,20,51.5783,51.5783,0,0,0.0,0.0,0.0,0,0,0,0,1,0,0,0,1,0.0,0.0,0.0,1,0,1,0,4106,0,0,0,0,0,0,0,0,0,Brute_Force
6324,4,8,317,4434,317,0,79.25,158.5,1460,0,554.25,750.2544,751265.0221,1897.5332,574.9091,1241.591,4230,44,6048,2016.0,2012.9868,4230,296,6324,903.4286,1538.285,4326,136,0,0,80,184,632.5111,1265.0221,0,1460,365.4615,629.9403,396824.7692,0,1,0,0,0,0,0,0,2,395.9167,79.25,554.25,4,317,8,4434,54,1,0,0,0,0,0,0,0,0,Brute_Force
449,1,1,0,0,0,0,0.0,0.0,0,0,0.0,0.0,0.0,4454.343,449.0,0.0,449,449,0,0.0,0.0,0,0,0,0.0,0.0,0,0,0,0,20,20,2227.1715,2227.1715,0,0,0.0,0.0,0.0,0,0,0,0,1,0,0,0,1,0.0,0.0,0.0,1,0,1,0,4106,0,0,0,0,0,0,0,0,0,Brute_Force
6803,4,8,320,4434,320,0,80.0,160.0,1460,0,554.25,750.2544,698809.3488,1763.9277,618.4545,841.5917,2539,6,5944,1981.3333,1001.6238,2580,825,6803,971.8571,1580.9283,4489,55,0,0,80,184,587.9759,1175.9518,0,1460,365.6923,629.9216,396801.2308,0,1,0,0,0,0,0,0,2,396.1667,80.0,554.25,4,320,8,4434,54,1,0,0,0,0,0,0,0,0,Brute_Force
18484,4,8,327,4434,327,0,81.75,163.5,1460,0,554.25,750.2544,257574.1182,649.2101,1680.3636,3915.9124,12777,55,18245,6081.6667,6281.1497,12777,319,18484,2640.5714,4811.0462,12904,122,0,0,80,184,216.4034,432.8068,0,1460,366.2308,629.8823,396751.6923,0,1,0,0,0,0,0,0,2,396.75,81.75,554.25,4,327,8,4434,54,1,0,0,0,0,0,0,0,0,Brute_Force
16490,1,1,0,0,0,0,0.0,0.0,0,0,0.0,0.0,0.0,121.2856,16490.0,0.0,16490,16490,0,0.0,0.0,0,0,0,0.0,0.0,0,0,0,0,20,20,60.6428,60.6428,0,0,0.0,0.0,0.0,0,0,0,0,1,0,0,0,1,0.0,0.0,0.0,1,0,1,0,4106,0,0,0,0,0,0,0,0,0,Brute_Force
15148,4,8,317,4434,317,0,79.25,158.5,1460,0,554.25,750.2544,313638.7642,792.1838,1377.0909,3027.3746,9868,61,14928,4976.0,5161.6179,10609,473,15148,2164.0,3672.8592,9868,73,0,0,80,184,264.0613,528.1225,0,1460,365.4615,629.9403,396824.7692,0,1,0,0,0,0,0,0,2,395.9167,79.25,554.25,4,317,8,4434,54,1,0,0,0,0,0,0,0,0,Brute_Force
754,2,2,23,250,23,0,11.5,16.2635,250,0,125.0,176.7767,362068.9655,5305.0398,251.3333,388.6648,699,0,0,0.0,0.0,0,0,55,55.0,0.0,55,55,1,0,40,40,2652.5199,2652.5199,0,250,104.6,133.0631,17705.8,0,0,0,1,1,0,0,0,1,130.75,11.5,125.0,2,23,2,250,0,1,0,0,0,0,0,0,0,0,Normal
19501,4,8,319,4434,319,0,79.75,159.5,1460,0,554.25,750.2544,243731.0907,615.3531,1772.8182,4138.6057,14117,50,18272,6090.6667,7087.9406,14117,691,19501,2785.8571,5158.6093,14397,229,0,0,80,184,205.1177,410.2354,0,1460,365.6154,629.9277,396808.9231,0,1,0,0,0,0,0,0,2,396.0833,79.75,554.25,4,319,8,4434,54,1,0,0,0,0,0,0,0,0,Brute_Force
19339,4,8,321,4434,321,0,80.25,160.5,1460,0,554.25,750.2544,245876.2087,620.5078,1758.0909,4097.1712,13900,48,18909,6303.0,6842.3919,13900,625,19339,2762.7143,5099.0121,14165,121,0,0,80,184,206.8359,413.6719,0,1460,365.7692,629.9156,396793.6923,0,1,0,0,0,0,0,0,2,396.25,80.25,554.25,4,321,8,4434,54,1,0,0,0,0,0,0,0,0,Brute_Force
7030,1,1,0,0,0,0,0.0,0.0,0,0,0.0,0.0,0.0,284.495,7030.0,0.0,7030,7030,0,0.0,0.0,0,0,0,0.0,0.0,0,0,0,0,20,20,142.2475,142.2475,0,0,0.0,0.0,0.0,0,0,0,0,1,0,0,0,1,0.0,0.0,0.0,1,0,1,0,4106,0,0,0,0,0,0,0,0,0,Brute_Force
75558,0,2,0,158,0,0,0.0,0.0,111,47,79.0,45.2548,2091.1088,26.4697,75558.0,0.0,75558,75558,0,0.0,0.0,0,0,75558,75558.0,0.0,75558,75558,0,0,0,16,0.0,26.4697,47,111,68.3333,36.9504,1365.3333,0,0,0,0,0,0,0,0,0,102.5,0.0,79.0,0,0,2,158,-1,0,0,0,0,0,0,0,0,0,Normal
5431,1,1,0,0,0,0,0.0,0.0,0,0,0.0,0.0,0.0,368.2563,5431.0,0.0,5431,5431,0,0.0,0.0,0,0,0,0.0,0.0,0,0,0,0,20,20,184.1282,184.1282,0,0,0.0,0.0,0.0,0,0,0,0,1,0,0,0,1,0.0,0.0,0.0,1,0,1,0,4106,0,0,0,0,0,0,0,0,0,Brute_Force
9967848,2,2,16,0,16,0,8.0,11.3137,0,0,0.0,0.0,1.6052,0.4013,3322616.0,5754379.409,9967201,181,647,647.0,0.0,647,647,9967382,9967382.0,0.0,9967382,9967382,0,0,40,40,0.2006,0.2006,0,16,3.2,7.1554,51.2,0,0,0,0,1,0,0,0,1,4.0,8.0,0.0,2,16,2,0,0,1,0,0,0,0,9967201,0,9967201,9967201,Port_Scan
90226114,2,4,2,1,1,1,1.0,0.0,1,0,0.25,0.5,0.0332,0.0665,18045222.8,24608974.37,45005293,73268,45074002,45074002.0,0.0,45074002,45074002,90226114,30075371.33,25982583.74,45078581,73268,0,0,40,116,0.0222,0.0443,0,1,0.5714,0.5345,0.2857,0,0,0,0,1,0,0,0,2,0.6667,1.0,0.25,2,2,4,1,265,2,73278,14,73288,73268,45003004,3238,45005293,45000714,Normal
7295,4,8,317,4434,317,0,79.25,158.5,1460,0,554.25,750.2544,651267.9918,1644.9623,663.1818,1266.3642,4301,50,7005,2335.0,1995.1108,4301,312,7295,1042.1429,1548.5396,4423,126,0,0,80,184,548.3208,1096.6415,0,1460,365.4615,629.9403,396824.7692,0,1,0,0,0,0,0,0,2,395.9167,79.25,554.25,4,317,8,4434,54,1,0,0,0,0,0,0,0,0,Brute_Force
1058,0,2,0,0,0,0,0.0,0.0,0,0,0.0,0.0,0.0,1890.3592,1058.0,0.0,1058,1058,0,0.0,0.0,0,0,1058,1058.0,0.0,1058,1058,0,0,0,44,0.0,1890.3592,0,0,0.0,0.0,0.0,0,1,0,0,0,0,0,0,0,0.0,0.0,0.0,0,0,2,0,0,0,0,0,0,0,0,0,0,0,Port_Scan
14731,1,1,0,0,0,0,0.0,0.0,0,0,0.0,0.0,0.0,135.7681,14731.0,0.0,14731,14731,0,0.0,0.0,0,0,0,0.0,0.0,0,0,0,0,20,20,67.8841,67.8841,0,0,0.0,0.0,0.0,0,0,0,0,1,0,0,0,1,0.0,0.0,0.0,1,0,1,0,4106,0,0,0,0,0,0,0,0,0,Brute_Force
8257,4,8,318,4434,318,0,79.5,159.0,1460,0,554.25,750.2544,575511.6871,1453.3123,750.6364,1358.8702,3795,55,7995,2665.0,1990.2171,3833,367,8257,1179.5714,1640.0256,3945,109,0,0,80,184,484.4374,968.8749,0,1460,365.5385,629.9339,396816.7692,0,1,0,0,0,0,0,0,2,396.0,79.5,554.25,4,318,8,4434,54,1,0,0,0,0,0,0,0,0,Brute_Force
7015,3,7,315,4434,315,0,105.0,181.8653,1460,0,633.4286,773.4224,676977.9045,1425.5168,779.4444,1287.2254,4019,47,5538,2769.0,1767.767,4019,1519,7015,1169.1667,1556.0662,4153,52,0,0,60,164,427.655,997.8617,0,1460,431.7273,666.8334,444666.8182,0,1,0,0,0,0,0,0,2,474.9,105.0,633.4286,3,315,7,4434,54,1,0,0,0,0,0,0,0,0,Brute_Force
9997,4,8,316,4434,316,0,79.0,158.0,1460,0,554.25,750.2544,475142.5428,1200.3601,908.8182,1740.8979,4868,48,9701,3233.6667,2621.0502,5432,333,9997,1428.1429,2099.8353,4868,104,0,0,80,184,400.12,800.2401,0,1460,365.3846,629.9468,396832.9231,0,1,0,0,0,0,0,0,2,395.8333,79.0,554.25,4,316,8,4434,54,1,0,0,0,0,0,0,0,0,Brute_Force
7377,1,1,0,0,0,0,0.0,0.0,0,0,0.0,0.0,0.0,271.1129,7377.0,0.0,7377,7377,0,0.0,0.0,0,0,0,0.0,0.0,0,0,0,0,20,20,135.5565,135.5565,0,0,0.0,0.0,0.0,0,0,0,0,1,0,0,0,1,0.0,0.0,0.0,1,0,1,0,4106,0,0,0,0,0,0,0,0,0,Brute_Force
23142,3,7,319,4434,319,0,106.3333,184.1747,1460,0,633.4286,773.4224,205384.15,432.1148,2571.3333,6257.326,19117,42,22400,11200.0,12136.7808,19782,2618,23142,3857.0,7546.1008,19117,51,0,0,60,164,129.6344,302.4803,0,1460,432.0909,666.7645,444574.8909,0,1,0,0,0,0,0,0,2,475.3,106.3333,633.4286,3,319,7,4434,54,1,0,0,0,0,0,0,0,0,Brute_Force
119587603,176,1,0,0,0,0,0.0,0.0,0,0,0.0,0.0,0.0,1.4801,679475.017,843575.1776,4430364,0,119402885,682302.2,845159.1558,4430364,0,0,0.0,0.0,0,0,0,0,0,0,1.4717,0.0084,0,0,0.0,0.0,0.0,0,0,0,0,0,0,0,0,0,0.0,0.0,0.0,176,0,1,0,-1,0,0,0,0,0,0,0,0,0,Normal
9979937,1,1,0,0,0,0,0.0,0.0,0,0,0.0,0.0,0.0,0.2004,9979937.0,0.0,9979937,9979937,0,0.0,0.0,0,0,0,0.0,0.0,0,0,0,0,20,20,0.1002,0.1002,0,0,0.0,0.0,0.0,0,0,0,0,1,0,0,0,1,0.0,0.0,0.0,1,0,1,0,46,0,0,0,0,0,9979937,0,9979937,9979937,Port_Scan
3283,1,1,0,0,0,0,0.0,0.0,0,0,0.0,0.0,0.0,609.1989,3283.0,0.0,3283,3283,0,0.0,0.0,0,0,0,0.0,0.0,0,0,0,0,20,20,304.5995,304.5995,0,0,0.0,0.0,0.0,0,0,0,0,1,0,0,0,1,0.0,0.0,0.0,1,0,1,0,4106,0,0,0,0,0,0,0,0,0,Brute_Force
17085,4,8,317,4434,317,0,79.25,158.5,1460,0,554.25,750.2544,278080.1873,702.3705,1553.1818,3251.2726,10418,76,16715,5571.6667,5427.3395,11340,566,17085,2440.7143,3925.1115,10418,163,0,0,80,184,234.1235,468.247,0,1460,365.4615,629.9403,396824.7692,0,1,0,0,0,0,0,0,2,395.9167,79.25,554.25,4,317,8,4434,54,1,0,0,0,0,0,0,0,0,Brute_Force
19673,4,8,317,4434,317,0,79.25,158.5,1460,0,554.25,750.2544,241498.5005,609.9731,1788.4545,3946.2346,12392,35,19510,6503.3333,6054.2931,12392,296,19673,2810.4286,4851.5042,12616,72,0,0,80,184,203.3244,406.6487,0,1460,365.4615,629.9403,396824.7692,0,1,0,0,0,0,0,0,2,395.9167,79.25,554.25,4,317,8,4434,54,1,0,0,0,0,0,0,0,0,Brute_Force
5863,4,8,320,4434,320,0,80.0,160.0,1460,0,554.25,750.2544,810847.6889,2046.7338,533.0,894.7056,2910,57,5625,1875.0,1321.8287,2910,386,5863,837.5714,1120.0339,3121,106,0,0,80,184,682.2446,1364.4892,0,1460,365.6923,629.9216,396801.2308,0,1,0,0,0,0,0,0,2,396.1667,80.0,554.25,4,320,8,4434,54,1,0,0,0,0,0,0,0,0,Brute_Force
12476,1,1,0,0,0,0,0.0,0.0,0,0,0.0,0.0,0.0,160.3078,12476.0,0.0,12476,12476,0,0.0,0.0,0,0,0,0.0,0.0,0,0,0,0,20,20,80.1539,80.1539,0,0,0.0,0.0,0.0,0,0,0,0,1,0,0,0,1,0.0,0.0,0.0,1,0,1,0,513,0,0,0,0,0,0,0,0,0,Brute_Force
7273,4,8,326,4434,326,0,81.5,163.0,1460,0,554.25,750.2544,654475.4572,1649.9381,661.1818,1068.3262,3073,9,7110,2370.0,1060.6361,3073,1150,7273,1039.0,1278.8785,3211,62,0,0,80,184,549.9794,1099.9588,0,1460,366.1538,629.8875,396758.3077,0,1,0,0,0,0,0,0,2,396.6667,81.5,554.25,4,326,8,4434,54,1,0,0,0,0,0,0,0,0,Brute_Force
5087,1,1,0,0,0,0,0.0,0.0,0,0,0.0,0.0,0.0,393.159,5087.0,0.0,5087,5087,0,0.0,0.0,0,0,0,0.0,0.0,0,0,0,0,20,20,196.5795,196.5795,0,0,0.0,0.0,0.0,0,0,0,0,1,0,0,0,1,0.0,0.0,0.0,1,0,1,0,4106,0,0,0,0,0,0,0,0,0,Brute_Force
119999435,2,1,0,0,0,0,0.0,0.0,0,0,0.0,0.0,0.0,0.025,59999717.5,779.9388,60000269,59999166,60000269,60000269.0,0.0,60000269,60000269,0,0.0,0.0,0,0,0,0,0,0,0.0167,0.0083,0,0,0.0,0.0,0.0,0,0,0,0,0,0,0,0,0,0.0,0.0,0.0,2,0,1,0,-1,0,0,0,0,0,59999718,780,60000269,59999166,Normal
9963,4,8,321,4434,321,0,80.25,160.5,1460,0,554.25,750.2544,477265.8838,1204.4565,905.7273,1834.4866,5863,51,9790,3263.3333,3109.1043,6564,390,9963,1423.2857,2236.6566,5863,60,0,0,80,184,401.4855,802.971,0,1460,365.7692,629.9156,396793.6923,0,1,0,0,0,0,0,0,2,396.25,80.25,554.25,4,321,8,4434,54,1,0,0,0,0,0,0,0,0,Brute_Force
14817,1,1,0,0,0,0,0.0,0.0,0,0,0.0,0.0,0.0,134.9801,14817.0,0.0,14817,14817,0,0.0,0.0,0,0,0,0.0,0.0,0,0,0,0,20,20,67.49,67.49,0,0,0.0,0.0,0.0,0,0,0,0,1,0,0,0,1,0.0,0.0,0.0,1,0,1,0,4106,0,0,0,0,0,0,0,0,0,Brute_Force
20028,3,7,320,4434,320,0,106.6667,184.7521,1460,0,633.4286,773.4224,237367.6852,499.301,2225.3333,4211.1086,13239,65,17653,8826.5,8712.2627,14987,2666,20028,3338.0,5047.0701,13239,209,0,0,60,164,149.7903,349.5107,0,1460,432.1818,666.7476,444552.3636,0,1,0,0,0,0,0,0,2,475.4,106.6667,633.4286,3,320,7,4434,54,1,0,0,0,0,0,0,0,0,Brute_Force
119824509,439,425,15165,12454,657,33,34.5444,29.7817,375,26,29.3035,16.9871,230.4954,7.2105,138846.4762,60390.5025,202277,0,119535909,272913.0342,49188.8411,297212,17801,119806289,282562.0024,38559.138,297366,0,0,0,3512,3400,3.6637,3.5469,26,657,31.9676,24.4563,598.1101,0,0,0,0,0,0,0,0,0,32.0046,34.5444,29.3035,439,15165,425,12454,-1,439,0,0,0,0,0,0,0,0,Normal
4666,1,1,0,0,0,0,0.0,0.0,0,0,0.0,0.0,0.0,428.6327,4666.0,0.0,4666,4666,0,0.0,0.0,0,0,0,0.0,0.0,0,0,0,0,20,20,214.3163,214.3163,0,0,0.0,0.0,0.0,0,0,0,0,1,0,0,0,1,0.0,0.0,0.0,1,0,1,0,513,0,0,0,0,0,0,0,0,0,Brute_Force
13126,4,8,315,4434,315,0,78.75,157.5,1460,0,554.25,750.2544,361801.0056,914.2161,1193.2727,2654.9533,8621,50,12932,4310.6667,4510.2627,9204,320,13126,1875.1429,3223.2664,8621,77,0,0,80,184,304.7387,609.4774,0,1460,365.3077,629.9534,396841.2308,0,1,0,0,0,0,0,0,2,395.75,78.75,554.25,4,315,8,4434,54,1,0,0,0,0,0,0,0,0,Brute_Force
8430,1,1,0,0,0,0,0.0,0.0,0,0,0.0,0.0,0.0,237.2479,8430.0,0.0,8430,8430,0,0.0,0.0,0,0,0,0.0,0.0,0,0,0,0,20,20,118.624,118.624,0,0,0.0,0.0,0.0,0,0,0,0,1,0,0,0,1,0.0,0.0,0.0,1,0,1,0,4106,0,0,0,0,0,0,0,0,0,Brute_Force
6835,1,1,0,0,0,0,0.0,0.0,0,0,0.0,0.0,0.0,292.6116,6835.0,0.0,6835,6835,0,0.0,0.0,0,0,0,0.0,0.0,0,0,0,0,20,20,146.3058,146.3058,0,0,0.0,0.0,0.0,0,0,0,0,1,0,0,0,1,0.0,0.0,0.0,1,0,1,0,4106,0,0,0,0,0,0,0,0,0,Brute_Force
9439,4,8,316,4434,316,0,79.0,158.0,1460,0,554.25,750.2544,503231.2745,1271.3211,858.0909,1740.2106,5324,36,9253,3084.3333,2796.4616,5851,259,9439,1348.4286,2098.2176,5324,92,0,0,80,184,423.7737,847.5474,0,1460,365.3846,629.9468,396832.9231,0,1,0,0,0,0,0,0,2,395.8333,79.0,554.25,4,316,8,4434,54,1,0,0,0,0,0,0,0,0,Brute_Force
13425,1,1,0,0,0,0,0.0,0.0,0,0,0.0,0.0,0.0,148.9758,13425.0,0.0,13425,13425,0,0.0,0.0,0,0,0,0.0,0.0,0,0,0,0,20,20,74.4879,74.4879,0,0,0.0,0.0,0.0,0,0,0,0,1,0,0,0,1,0.0,0.0,0.0,1,0,1,0,4106,0,0,0,0,0,0,0,0,0,Brute_Force
10297,3,7,316,4434,316,0,105.3333,182.4427,1460,0,633.4286,773.4224,461299.4076,971.1566,1144.1111,1522.4014,4886,30,7844,3922.0,1363.3019,4886,2958,10297,1716.1667,2212.9043,6035,30,0,0,60,164,291.347,679.8097,0,1460,431.8182,666.816,444643.5636,0,1,0,0,0,0,0,0,2,475.0,105.3333,633.4286,3,316,7,4434,54,1,0,0,0,0,0,0,0,0,Brute_Force
10816,4,8,320,4434,320,0,80.0,160.0,1460,0,554.25,750.2544,439534.0237,1109.4675,983.2727,2096.877,6845,44,10634,3544.6667,3577.2224,7457,441,10816,1545.1429,2533.7658,6845,65,0,0,80,184,369.8225,739.645,0,1460,365.6923,629.9216,396801.2308,0,1,0,0,0,0,0,0,2,396.1667,80.0,554.25,4,320,8,4434,54,1,0,0,0,0,0,0,0,0,Brute_Force
7283,4,8,318,4434,318,0,79.5,159.0,1460,0,554.25,750.2544,652478.3743,1647.6727,662.0909,1222.265,3764,6,7120,2373.3333,1660.3958,3764,535,7283,1040.4286,1492.9749,3904,47,0,0,80,184,549.2242,1098.4484,0,1460,365.5385,629.9339,396816.7692,0,1,0,0,0,0,0,0,2,396.0,79.5,554.25,4,318,8,4434,54,1,0,0,0,0,0,0,0,0,Brute_Force
9716,4,8,320,4434,320,0,80.0,160.0,1460,0,554.25,750.2544,489296.0066,1235.0762,883.2727,1605.9316,4956,8,9480,3160.0,2424.1549,5641,797,9716,1388.0,1911.213,4956,76,0,0,80,184,411.6921,823.3841,0,1460,365.6923,629.9216,396801.2308,0,1,0,0,0,0,0,0,2,396.1667,80.0,554.25,4,320,8,4434,54,1,0,0,0,0,0,0,0,0,Brute_Force
7725,1,1,0,0,0,0,0.0,0.0,0,0,0.0,0.0,0.0,258.8997,7725.0,0.0,7725,7725,0,0.0,0.0,0,0,0,0.0,0.0,0,0,0,0,20,20,129.4498,129.4498,0,0,0.0,0.0,0.0,0,0,0,0,1,0,0,0,1,0.0,0.0,0.0,1,0,1,0,4106,0,0,0,0,0,0,0,0,0,Brute_Force
7943,4,8,316,4434,316,0,79.0,158.0,1460,0,554.25,750.2544,598010.8271,1510.7642,722.0909,1354.0307,3714,50,7762,2587.3333,1960.1105,3724,324,7943,1134.7143,1639.397,3850,73,0,0,80,184,503.5881,1007.1761,0,1460,365.3846,629.9468,396832.9231,0,1,0,0,0,0,0,0,2,395.8333,79.0,554.25,4,316,8,4434,54,1,0,0,0,0,0,0,0,0,Brute_Force
90408826,11,15,1016,5451,517,0,92.3636,168.247,1356,0,363.4,573.4156,71.5306,0.2876,3616353.04,12455662.98,45003999,0,90276527,9027652.7,18994903.58,45070029,149,90408826,6457773.286,16357650.64,45070070,0,0,0,220,348,0.1217,0.1659,0,1356,239.5185,456.2436,208158.2593,0,1,0,0,0,0,0,0,1,248.7308,92.3636,363.4,11,1016,15,5451,265,7,169330,146089,272631,66030,45002047,2761,45003999,45000095,Normal
10128,4,8,322,4434,322,0,80.5,161.0,1460,0,554.25,750.2544,469589.2575,1184.8341,920.7273,2105.4855,7167,49,9796,3265.3333,3524.5224,7167,312,10128,1446.8571,2601.5339,7276,131,0,0,80,184,394.9447,789.8894,0,1460,365.8462,629.9098,396786.3077,0,1,0,0,0,0,0,0,2,396.3333,80.5,554.25,4,322,8,4434,54,1,0,0,0,0,0,0,0,0,Brute_Force
12369,4,8,320,4434,320,0,80.0,160.0,1460,0,554.25,750.2544,384347.9667,970.1674,1124.4545,2096.5017,5829,62,11976,3992.0,2987.6653,6464,672,12369,1767.0,2497.8081,5829,157,0,0,80,184,323.3891,646.7782,0,1460,365.6923,629.9216,396801.2308,0,1,0,0,0,0,0,0,2,396.1667,80.0,554.25,4,320,8,4434,54,1,0,0,0,0,0,0,0,0,Brute_Force
60622336,4,6,518,630,517,0,129.5,258.3338,303,0,105.0,153.6516,18.9369,0.165,6735815.111,15135793.1,44999499,0,45627024,15209008.0,25801226.31,44999499,292,60622336,12124467.2,26587856.82,59683998,0,0,0,80,144,0.066,0.099,0,517,104.3636,182.1193,33167.4546,0,1,0,0,0,0,0,0,1,114.8,129.5,105.0,4,518,6,630,237,2,938361,0,938361,938361,29841988,21435958,44999499,14684476,Normal
4621,1,1,0,0,0,0,0.0,0.0,0,0,0.0,0.0,0.0,432.8068,4621.0,0.0,4621,4621,0,0.0,0.0,0,0,0,0.0,0.0,0,0,0,0,20,20,216.4034,216.4034,0,0,0.0,0.0,0.0,0,0,0,0,1,0,0,0,1,0.0,0.0,0.0,1,0,1,0,513,0,0,0,0,0,0,0,0,0,Brute_Force
87836935,69,375,2834,489351,293,0,41.0725,100.8892,1356,0,1304.936,226.9393,5603.3945,5.0548,198277.5056,3466097.63,72800000,-4,87800000,1291641.309,8821686.177,72800000,13,15100000,40334.1123,304713.1728,4011678,0,0,0,1428,7524,0.7855,4.2693,0,1356,1106.0337,507.3083,257361.7444,0,1,0,0,0,0,0,0,5,1108.5248,41.0725,1304.936,69,2834,375,489351,312,10,0,0,0,0,0,0,0,0,Normal
12992,1,1,0,0,0,0,0.0,0.0,0,0,0.0,0.0,0.0,153.9409,12992.0,0.0,12992,12992,0,0.0,0.0,0,0,0,0.0,0.0,0,0,0,0,20,20,76.9704,76.9704,0,0,0.0,0.0,0.0,0,0,0,0,1,0,0,0,1,0.0,0.0,0.0,1,0,1,0,4106,0,0,0,0,0,0,0,0,0,Brute_Force
9387,4,8,322,4434,322,0,80.5,161.0,1460,0,554.25,750.2544,506658.1442,1278.3637,853.3636,1624.552,5279,45,8539,2846.3333,2808.7998,5847,280,9387,1341.0,1931.2831,5279,75,0,0,80,184,426.1212,852.2425,0,1460,365.8462,629.9098,396786.3077,0,1,0,0,0,0,0,0,2,396.3333,80.5,554.25,4,322,8,4434,54,1,0,0,0,0,0,0,0,0,Brute_Force
31324,4,8,316,4434,316,0,79.0,158.0,1460,0,554.25,750.2544,151640.9143,383.0928,2847.6364,6299.5775,19503,44,30933,10311.0,9573.441,19503,397,31324,4474.8571,7642.406,19618,167,0,0,80,184,127.6976,255.3952,0,1460,365.3846,629.9468,396832.9231,0,1,0,0,0,0,0,0,2,395.8333,79.0,554.25,4,316,8,4434,54,1,0,0,0,0,0,0,0,0,Brute_Force
119326052,45,1,900,20,20,20,20.0,0.0,20,20,20.0,0.0,7.71,0.3855,2651690.044,2412.0729,2657593,2644111,116673451,2651669.341,2435.9111,2657593,2644111,0,0.0,0.0,0,0,0,0,360,8,0.3771,0.0084,20,20,20.0,0.0,0.0,0,0,0,0,0,0,0,0,0,20.4348,20.0,20.0,45,900,1,20,-1,45,0,0,0,0,0,0,0,0,Normal
73116484,1,1,300,300,300,300,300.0,0.0,300,300,300.0,0.0,8.2061,0.0274,73116484.0,0.0,73116484,73116484,0,0.0,0.0,0,0,0,0.0,0.0,0,0,0,0,8,8,0.0137,0.0137,300,300,300.0,0.0,0.0,0,0,0,0,0,0,0,0,1,450.0,300.0,300.0,1,300,1,300,-1,1,0,0,0,0,73116484,0,73116484,73116484,Normal
73599495,1,1,300,300,300,300,300.0,0.0,300,300,300.0,0.0,8.1522,0.0272,73599495.0,0.0,73599495,73599495,0,0.0,0.0,0,0,0,0.0,0.0,0,0,0,0,8,8,0.0136,0.0136,300,300,300.0,0.0,0.0,0,0,0,0,0,0,0,0,1,450.0,300.0,300.0,1,300,1,300,-1,1,0,0,0,0,73599495,0,73599495,73599495,Normal
91753439,4139,4141,0,0,0,0,0.0,0.0,0,0,0.0,0.0,0.0,90.2418,11082.6717,104620.6888,1010977,0,91800000,22172.825,147879.2161,1015232,0,91800000,22162.6664,147402.554,1014317,4,0,0,0,0,45.11,45.1318,0,0,0.0,0.0,0.0,0,0,0,0,0,0,0,0,1,0.0,0.0,0.0,4139,0,4141,0,-1,0,0,0,0,0,0,0,0,0,ICMP_Flood
12254,4,8,318,4434,318,0,79.5,159.0,1460,0,554.25,750.2544,387791.7415,979.2721,1114.0,2450.7945,8075,62,11995,3998.3333,4279.3434,8727,392,12254,1750.5714,2990.7664,8075,119,0,0,80,184,326.424,652.848,0,1460,365.5385,629.9339,396816.7692,0,1,0,0,0,0,0,0,2,396.0,79.5,554.25,4,318,8,4434,54,1,0,0,0,0,0,0,0,0,Brute_Force
7274,3,7,317,4434,317,0,105.6667,183.02,1460,0,633.4286,773.4224,653148.1991,1374.7594,808.2222,1025.3732,3038,49,6464,3232.0,274.3574,3426,3038,7274,1212.3333,1642.816,4302,60,0,0,60,164,412.4278,962.3316,0,1460,431.9091,666.7987,444620.4909,0,1,0,0,0,0,0,0,2,475.1,105.6667,633.4286,3,317,7,4434,54,1,0,0,0,0,0,0,0,0,Brute_Force
9785,4,8,326,4434,326,0,81.5,163.0,1460,0,554.25,750.2544,486458.8656,1226.3669,889.5455,1804.8089,5863,43,9470,3156.6667,3226.071,6634,261,9785,1397.8571,2219.1467,5863,85,0,0,80,184,408.789,817.5779,0,1460,366.1538,629.8875,396758.3077,0,1,0,0,0,0,0,0,2,396.6667,81.5,554.25,4,326,8,4434,54,1,0,0,0,0,0,0,0,0,Brute_Force
6394,1,1,0,0,0,0,0.0,0.0,0,0,0.0,0.0,0.0,312.7932,6394.0,0.0,6394,6394,0,0.0,0.0,0,0,0,0.0,0.0,0,0,0,0,20,20,156.3966,156.3966,0,0,0.0,0.0,0.0,0,0,0,0,1,0,0,0,1,0.0,0.0,0.0,1,0,1,0,513,0,0,0,0,0,0,0,0,0,Brute_Force
72812545,11,1,1507,137,137,137,137.0,0.0,137,137,137.0,0.0,22.5785,0.1648,6619322.273,12001878.03,42806346,2999613,69812212,6981221.2,12587665.79,42806346,2999613,0,0.0,0.0,0,0,0,0,88,8,0.1511,0.0137,137,137,137.0,0.0,0.0,0,0,0,0,0,0,0,0,0,148.4167,137.0,137.0,11,1507,1,137,-1,11,15003355,0,15003355,15003355,42806346,0,42806346,42806346,Normal
1348,1,1,0,0,0,0,0.0,0.0,0,0,0.0,0.0,0.0,1483.6795,1348.0,0.0,1348,1348,0,0.0,0.0,0,0,0,0.0,0.0,0,0,0,0,20,20,741.8398,741.8398,0,0,0.0,0.0,0.0,0,0,0,0,1,0,0,0,1,0.0,0.0,0.0,1,0,1,0,4106,0,0,0,0,0,0,0,0,0,Brute_Force
11709,4,8,320,4434,320,0,80.0,160.0,1460,0,554.25,750.2544,406012.469,1024.8527,1064.4545,2260.5696,7488,50,11511,3837.0,4093.6589,8388,455,11709,1672.7143,2763.0494,7488,74,0,0,80,184,341.6176,683.2351,0,1460,365.6923,629.9216,396801.2308,0,1,0,0,0,0,0,0,2,396.1667,80.0,554.25,4,320,8,4434,54,1,0,0,0,0,0,0,0,0,Brute_Force
119889435,436,418,14436,11912,37,33,33.1101,0.4764,48,28,28.4976,2.2272,219.7692,7.1232,140550.3341,58721.2549,202289,4317,120000000,274735.0851,46930.427,299597,106228,120000000,287504.6403,28435.6384,379261,4317,0,0,3488,3344,3.6367,3.4865,28,48,30.855,2.8035,7.8595,0,0,0,0,0,0,0,0,0,30.8911,33.1101,28.4976,436,14436,418,11912,-1,436,0,0,0,0,0,0,0,0,Normal
119545448,41,1,820,20,20,20,20.0,0.0,20,20,20.0,0.0,7.0266,0.3513,2915742.634,2588.7048,2919653,2906301,116628532,2915713.3,2614.7731,2919653,2906301,0,0.0,0.0,0,0,0,0,328,8,0.343,0.0084,20,20,20.0,0.0,0.0,0,0,0,0,0,0,0,0,0,20.4762,20.0,20.0,41,820,1,20,-1,41,0,0,0,0,0,0,0,0,Normal
16341,1,1,0,0,0,0,0.0,0.0,0,0,0.0,0.0,0.0,122.3915,16341.0,0.0,16341,16341,0,0.0,0.0,0,0,0,0.0,0.0,0,0,0,0,20,20,61.1958,61.1958,0,0,0.0,0.0,0.0,0,0,0,0,1,0,0,0,1,0.0,0.0,0.0,1,0,1,0,513,0,0,0,0,0,0,0,0,0,Brute_Force
2834,1,1,0,0,0,0,0.0,0.0,0,0,0.0,0.0,0.0,705.7163,2834.0,0.0,2834,2834,0,0.0,0.0,0,0,0,0.0,0.0,0,0,0,0,20,20,352.8582,352.8582,0,0,0.0,0.0,0.0,0,0,0,0,1,0,0,0,1,0.0,0.0,0.0,1,0,1,0,4106,0,0,0,0,0,0,0,0,0,Brute_Force
3002757,3,1,522,174,174,174,174.0,0.0,174,174,174.0,0.0,231.787,1.3321,1000919.0,99.5791,1001029,1000835,2001728,1000864.0,41.0122,1000893,1000835,0,0.0,0.0,0,0,0,0,24,8,0.9991,0.333,174,174,174.0,0.0,0.0,0,0,0,0,0,0,0,0,0,217.5,174.0,174.0,3,522,1,174,-1,3,0,0,0,0,0,0,0,0,Normal
27554,4,8,317,4434,317,0,79.25,158.5,1460,0,554.25,750.2544,172425.0563,435.5085,2504.9091,5136.3208,16750,49,10549,3516.3333,3553.7385,7355,341,27554,3936.2857,6139.0977,16750,125,0,0,80,184,145.1695,290.339,0,1460,365.4615,629.9403,396824.7692,0,1,0,0,0,0,0,0,2,395.9167,79.25,554.25,4,317,8,4434,54,1,0,0,0,0,0,0,0,0,Brute_Force
7522,4,8,320,4434,320,0,80.0,160.0,1460,0,554.25,750.2544,632012.7626,1595.3204,683.8182,1303.5541,3942,36,7377,2459.0,2098.8757,4522,326,7522,1074.5714,1567.2836,3942,36,0,0,80,184,531.7735,1063.5469,0,1460,365.6923,629.9216,396801.2308,0,1,0,0,0,0,0,0,2,396.1667,80.0,554.25,4,320,8,4434,54,1,0,0,0,0,0,0,0,0,Brute_Force
11570,4,8,317,4434,317,0,79.25,158.5,1460,0,554.25,750.2544,410630.9421,1037.1651,1051.8182,2257.5964,7314,48,11235,3745.0,3810.7012,7847,315,11570,1652.8571,2736.5114,7314,99,0,0,80,184,345.7217,691.4434,0,1460,365.4615,629.9403,396824.7692,0,1,0,0,0,0,0,0,2,395.9167,79.25,554.25,4,317,8,4434,54,1,0,0,0,0,0,0,0,0,Brute_Force
118345530,173,1,0,0,0,0,0.0,0.0,0,0,0.0,0.0,0.0,1.4703,684078.2081,909092.0718,7132673,0,117830838,685063.0116,911653.8068,7132673,0,0,0.0,0.0,0,0,0,0,0,0,1.4618,0.0084,0,0,0.0,0.0,0.0,0,0,0,0,0,0,0,0,0,0.0,0.0,0.0,173,0,1,0,-1,0,27438007,27176717,46654848,8221166,6171538,1359249,7132673,5210404,Normal
9951,4,8,325,4434,325,0,81.25,162.5,1460,0,554.25,750.2544,478243.3926,1205.909,904.6364,1745.4296,5218,50,9574,3191.3333,2731.5288,5774,332,9951,1421.5714,2104.587,5218,177,0,0,80,184,401.9697,803.9393,0,1460,366.0769,629.8929,396765.0769,0,1,0,0,0,0,0,0,2,396.5833,81.25,554.25,4,325,8,4434,54,1,0,0,0,0,0,0,0,0,Brute_Force
26238,1,1,0,0,0,0,0.0,0.0,0,0,0.0,0.0,0.0,76.2253,26238.0,0.0,26238,26238,0,0.0,0.0,0,0,0,0.0,0.0,0,0,0,0,20,20,38.1127,38.1127,0,0,0.0,0.0,0.0,0,0,0,0,1,0,0,0,1,0.0,0.0,0.0,1,0,1,0,4106,0,0,0,0,0,0,0,0,0,Brute_Force
90240131,3,3,0,3,0,0,0.0,0.0,1,1,1.0,0.0,0.0332,0.0665,18048026.2,24605582.64,45002175,78629,90161447,45080723.5,113.8442,45080804,45080643,90161502,45080751.0,83.4386,45080810,45080692,0,0,96,60,0.0332,0.0332,0,1,0.5714,0.5345,0.2857,0,0,0,0,1,0,0,0,1,0.6667,0.0,1.0,3,0,3,3,256,0,78660,35,78684,78635,45002092,118,45002175,45002008,Normal
3414,1,1,0,0,0,0,0.0,0.0,0,0,0.0,0.0,0.0,585.8231,3414.0,0.0,3414,3414,0,0.0,0.0,0,0,0,0.0,0.0,0,0,0,0,20,20,292.9115,292.9115,0,0,0.0,0.0,0.0,0,0,0,0,1,0,0,0,1,0.0,0.0,0.0,1,0,1,0,4106,0,0,0,0,0,0,0,0,0,Brute_Force
19296,4,8,317,4434,317,0,79.25,158.5,1460,0,554.25,750.2544,246216.8325,621.8905,1754.1818,3754.7553,11946,28,18485,6161.6667,5801.0718,11946,344,19296,2756.5714,4559.2964,12073,196,0,0,80,184,207.2968,414.5937,0,1460,365.4615,629.9403,396824.7692,0,1,0,0,0,0,0,0,2,395.9167,79.25,554.25,4,317,8,4434,54,1,0,0,0,0,0,0,0,0,Brute_Force
17857,3,7,319,4434,319,0,106.3333,184.1747,1460,0,633.4286,773.4224,266170.1294,560.0045,1984.1111,3176.9995,8776,54,17004,8502.0,3466.2374,10953,6051,17857,2976.1667,4021.7243,8776,259,0,0,60,164,168.0013,392.0031,0,1460,432.0909,666.7645,444574.8909,0,1,0,0,0,0,0,0,2,475.3,106.3333,633.4286,3,319,7,4434,54,1,0,0,0,0,0,0,0,0,Brute_Force
140845,3,4,158,690,158,0,52.6667,91.2213,690,0,172.5,345.0,6020.803,49.7,23474.1667,36011.7812,71069,61,71915,35957.5,50639.4521,71765,150,140784,46928.0,40109.8547,71307,635,0,0,60,104,21.3,28.4,0,690,106.0,242.3622,58739.4286,0,1,0,0,0,0,0,0,1,121.1429,52.6667,172.5,3,158,4,690,237,1,0,0,0,0,0,0,0,0,Normal
5098,1,1,0,0,0,0,0.0,0.0,0,0,0.0,0.0,0.0,392.3107,5098.0,0.0,5098,5098,0,0.0,0.0,0,0,0,0.0,0.0,0,0,0,0,20,20,196.1554,196.1554,0,0,0.0,0.0,0.0,0,0,0,0,1,0,0,0,1,0.0,0.0,0.0,1,0,1,0,4106,0,0,0,0,0,0,0,0,0,Brute_Force
41038443,1,1,736,496,736,736,736.0,0.0,496,496,496.0,0.0,30.0206,0.0487,41038443.0,0.0,41038443,41038443,0,0.0,0.0,0,0,0,0.0,0.0,0,0,1,0,20,20,0.0244,0.0244,496,736,576.0,138.5641,19200.0,0,0,0,1,1,0,0,0,1,864.0,736.0,496.0,1,736,1,496,1095,1,0,0,0,0,41038443,0,41038443,41038443,Normal
8093484,35,1,16682,496,512,432,476.6286,30.6864,496,496,496.0,0.0,2122.4481,4.448,231242.4,252998.8913,908322,389,8092861,238025.3235,253552.7764,908322,389,0,0.0,0.0,0,0,0,0,280,8,4.3245,0.1236,432,512,477.6757,30.1506,909.0586,0,0,0,0,0,0,0,0,0,490.9444,476.6286,496.0,35,16682,1,496,-1,35,0,0,0,0,0,0,0,0,Normal
6822,1,1,0,0,0,0,0.0,0.0,0,0,0.0,0.0,0.0,293.1692,6822.0,0.0,6822,6822,0,0.0,0.0,0,0,0,0.0,0.0,0,0,0,0,20,20,146.5846,146.5846,0,0,0.0,0.0,0.0,0,0,0,0,1,0,0,0,1,0.0,0.0,0.0,1,0,1,0,4106,0,0,0,0,0,0,0,0,0,Brute_Force
14387,4,8,323,4434,323,0,80.75,161.5,1460,0,554.25,750.2544,330645.7218,834.0863,1307.9091,3290.324,11172,53,13196,4398.6667,5903.2281,11172,349,14387,2055.2857,4083.2945,11283,209,0,0,80,184,278.0288,556.0576,0,1460,365.9231,629.904,396779.0769,0,1,0,0,0,0,0,0,2,396.4167,80.75,554.25,4,323,8,4434,54,1,0,0,0,0,0,0,0,0,Brute_Force
27896,4,8,317,4434,317,0,79.25,158.5,1460,0,554.25,750.2544,170311.1557,430.1692,2536.0,5323.6253,17178,124,27224,9074.6667,8163.6542,17178,852,27896,3985.1429,6508.7773,17492,230,0,0,80,184,143.3897,286.7795,0,1460,365.4615,629.9403,396824.7692,0,1,0,0,0,0,0,0,2,395.9167,79.25,554.25,4,317,8,4434,54,1,0,0,0,0,0,0,0,0,Brute_Force
7739,4,8,320,4434,320,0,80.0,160.0,1460,0,554.25,750.2544,614291.2521,1550.5879,703.5455,1267.9794,3441,46,7398,2466.0,1923.4898,4015,313,7739,1105.5714,1505.7859,3441,119,0,0,80,184,516.8626,1033.7253,0,1460,365.6923,629.9216,396801.2308,0,1,0,0,0,0,0,0,2,396.1667,80.0,554.25,4,320,8,4434,54,1,0,0,0,0,0,0,0,0,Brute_Force
25103,4,8,320,4434,320,0,80.0,160.0,1460,0,554.25,750.2544,189379.7554,478.0305,2282.0909,5507.7446,18588,53,6405,2135.0,1580.0418,3177,317,25103,3586.1429,6726.4289,18588,123,0,0,80,184,159.3435,318.687,0,1460,365.6923,629.9216,396801.2308,0,1,0,0,0,0,0,0,2,396.1667,80.0,554.25,4,320,8,4434,54,1,0,0,0,0,0,0,0,0,Brute_Force
9326,4,8,320,4434,320,0,80.0,160.0,1460,0,554.25,750.2544,509757.6667,1286.7253,847.8182,1782.0197,5901,44,9083,3027.6667,3176.3524,6552,386,9326,1332.2857,2169.1723,5901,59,0,0,80,184,428.9084,857.8169,0,1460,365.6923,629.9216,396801.2308,0,1,0,0,0,0,0,0,2,396.1667,80.0,554.25,4,320,8,4434,54,1,0,0,0,0,0,0,0,0,Brute_Force
3436,1,1,0,0,0,0,0.0,0.0,0,0,0.0,0.0,0.0,582.0722,3436.0,0.0,3436,3436,0,0.0,0.0,0,0,0,0.0,0.0,0,0,0,0,20,20,291.0361,291.0361,0,0,0.0,0.0,0.0,0,0,0,0,1,0,0,0,1,0.0,0.0,0.0,1,0,1,0,4106,0,0,0,0,0,0,0,0,0,Brute_Force
16823,4,8,319,4434,319,0,79.75,159.5,1460,0,554.25,750.2544,282529.8698,713.3092,1529.3636,2790.6281,7297,98,16274,5424.6667,4249.8444,8646,608,16823,2403.2857,3343.9773,7297,187,0,0,80,184,237.7697,475.5394,0,1460,365.6154,629.9277,396808.9231,0,1,0,0,0,0,0,0,2,396.0833,79.75,554.25,4,319,8,4434,54,1,0,0,0,0,0,0,0,0,Brute_Force
6931,1,1,0,0,0,0,0.0,0.0,0,0,0.0,0.0,0.0,288.5586,6931.0,0.0,6931,6931,0,0.0,0.0,0,0,0,0.0,0.0,0,0,0,0,20,20,144.2793,144.2793,0,0,0.0,0.0,0.0,0,0,0,0,1,0,0,0,1,0.0,0.0,0.0,1,0,1,0,4106,0,0,0,0,0,0,0,0,0,Brute_Force
8516366,11,14,914,2018,581,0,83.0909,169.7371,614,0,144.1429,228.15,344.2783,2.9355,354848.5833,1665618.833,8173802,0,8454233,845423.3,2597638.202,8237822,137,342564,26351.0769,30050.1574,64461,0,0,0,220,304,1.2916,1.6439,0,614,112.7692,200.0974,40038.9846,0,1,0,0,0,0,0,0,1,117.28,83.0909,144.1429,11,914,14,2018,283,6,0,0,0,0,0,0,0,0,Normal
13485,1,1,0,0,0,0,0.0,0.0,0,0,0.0,0.0,0.0,148.3129,13485.0,0.0,13485,13485,0,0.0,0.0,0,0,0,0.0,0.0,0,0,0,0,20,20,74.1565,74.1565,0,0,0.0,0.0,0.0,0,0,0,0,1,0,0,0,1,0.0,0.0,0.0,1,0,1,0,4106,0,0,0,0,0,0,0,0,0,Brute_Force
6146,1,1,0,0,0,0,0.0,0.0,0,0,0.0,0.0,0.0,325.4149,6146.0,0.0,6146,6146,0,0.0,0.0,0,0,0,0.0,0.0,0,0,0,0,20,20,162.7075,162.7075,0,0,0.0,0.0,0.0,0,0,0,0,1,0,0,0,1,0.0,0.0,0.0,1,0,1,0,4106,0,0,0,0,0,0,0,0,0,Brute_Force
20318,4,8,321,4434,321,0,80.25,160.5,1460,0,554.25,750.2544,234028.9399,590.6093,1847.0909,3963.6315,12406,49,19782,6594.0,6031.3213,12406,365,20318,2902.5714,4835.0635,12589,175,0,0,80,184,196.8698,393.7395,0,1460,365.7692,629.9156,396793.6923,0,1,0,0,0,0,0,0,2,396.25,80.25,554.25,4,321,8,4434,54,1,0,0,0,0,0,0,0,0,Brute_Force
7253,4,8,326,4434,326,0,81.5,163.0,1460,0,554.25,750.2544,656280.1599,1654.4878,659.3636,1196.9344,3401,47,6993,2331.0,1834.7548,3946,336,7253,1036.1429,1431.1485,3401,129,0,0,80,184,551.4959,1102.9919,0,1460,366.1538,629.8875,396758.3077,0,1,0,0,0,0,0,0,2,396.6667,81.5,554.25,4,326,8,4434,54,1,0,0,0,0,0,0,0,0,Brute_Force
2516,1,1,0,0,0,0,0.0,0.0,0,0,0.0,0.0,0.0,794.9126,2516.0,0.0,2516,2516,0,0.0,0.0,0,0,0,0.0,0.0,0,0,0,0,20,20,397.4563,397.4563,0,0,0.0,0.0,0.0,0,0,0,0,1,0,0,0,1,0.0,0.0,0.0,1,0,1,0,4106,0,0,0,0,0,0,0,0,0,Brute_Force
5777415,13,24,1262,6394,552,0,97.0769,151.1062,1356,0,266.4167,465.7955,1325.1601,6.4042,160483.75,881667.3019,5300977,0,5715664,476305.3333,1520233.633,5300977,28,476388,20712.5217,33109.7262,110238,0,0,0,260,504,2.2501,4.1541,0,1356,201.4737,387.2181,149937.8236,0,1,0,0,0,0,0,0,1,206.9189,97.0769,266.4167,13,1262,24,6394,74,8,0,0,0,0,0,0,0,0,Normal
14682,4,8,322,4434,322,0,80.5,161.0,1460,0,554.25,750.2544,323934.0689,817.3273,1334.7273,2314.6989,7384,53,11763,3921.0,3971.6208,8173,307,14682,2097.4286,2718.3053,7384,96,0,0,80,184,272.4424,544.8849,0,1460,365.8462,629.9098,396786.3077,0,1,0,0,0,0,0,0,2,396.3333,80.5,554.25,4,322,8,4434,54,1,0,0,0,0,0,0,0,0,Brute_Force
30853,4,8,317,4434,317,0,79.25,158.5,1460,0,554.25,750.2544,153988.2669,388.9411,2804.8182,6641.7764,21501,50,30605,10201.6667,10661.03,21501,321,30853,4407.5714,8175.493,21717,107,0,0,80,184,129.647,259.2941,0,1460,365.4615,629.9403,396824.7692,0,1,0,0,0,0,0,0,2,395.9167,79.25,554.25,4,317,8,4434,54,1,0,0,0,0,0,0,0,0,Brute_Force
10819,1,1,0,0,0,0,0.0,0.0,0,0,0.0,0.0,0.0,184.86,10819.0,0.0,10819,10819,0,0.0,0.0,0,0,0,0.0,0.0,0,0,0,0,20,20,92.43,92.43,0,0,0.0,0.0,0.0,0,0,0,0,1,0,0,0,1,0.0,0.0,0.0,1,0,1,0,4106,0,0,0,0,0,0,0,0,0,Brute_Force
5079,1,1,0,0,0,0,0.0,0.0,0,0,0.0,0.0,0.0,393.7783,5079.0,0.0,5079,5079,0,0.0,0.0,0,0,0,0.0,0.0,0,0,0,0,20,20,196.8892,196.8892,0,0,0.0,0.0,0.0,0,0,0,0,1,0,0,0,1,0.0,0.0,0.0,1,0,1,0,4106,0,0,0,0,0,0,0,0,0,Brute_Force
3011990,11,1,5313,521,521,441,483.0,30.7734,521,521,521.0,0.0,1936.9254,3.9841,273817.2727,900248.2788,2988167,924,3010007,301000.7,944174.3234,2988167,924,0,0.0,0.0,0,0,0,0,88,8,3.6521,0.332,441,521,488.8462,31.5089,992.8077,0,0,0,0,0,0,0,0,0,529.5833,483.0,521.0,11,5313,1,521,-1,11,0,0,0,0,0,0,0,0,Normal
116793132,53,1,0,0,0,0,0.0,0.0,0,0,0.0,0.0,0.0,0.4624,2203644.0,4858287.95,27843650,0,116791815,2245996.442,4895797.509,27843650,0,0,0.0,0.0,0,0,0,0,0,0,0.4538,0.0086,0,0,0.0,0.0,0.0,0,0,0,0,0,0,0,0,0,0.0,0.0,0.0,53,0,1,0,-1,0,3883518,3709499,11707777,2064,12075314,8110900,27843650,5362693,Normal
73066593,1,1,300,300,300,300,300.0,0.0,300,300,300.0,0.0,8.2117,0.0274,73066593.0,0.0,73066593,73066593,0,0.0,0.0,0,0,0,0.0,0.0,0,0,0,0,8,8,0.0137,0.0137,300,300,300.0,0.0,0.0,0,0,0,0,0,0,0,0,1,450.0,300.0,300.0,1,300,1,300,-1,1,0,0,0,0,73066593,0,73066593,73066593,Normal
7783,4,8,320,4434,320,0,80.0,160.0,1460,0,554.25,750.2544,610818.4505,1541.8219,707.5455,1454.4769,4775,43,7633,2544.3333,2573.8093,5376,347,7783,1111.8571,1752.4074,4775,52,0,0,80,184,513.9406,1027.8813,0,1460,365.6923,629.9216,396801.2308,0,1,0,0,0,0,0,0,2,396.1667,80.0,554.25,4,320,8,4434,54,1,0,0,0,0,0,0,0,0,Brute_Force
12395,4,8,321,4434,321,0,80.25,160.5,1460,0,554.25,750.2544,383622.4284,968.1323,1126.8182,2593.025,8821,49,11916,3972.0,4358.3624,8821,381,12395,1770.7143,3293.0539,9145,116,0,0,80,184,322.7108,645.4215,0,1460,365.7692,629.9156,396793.6923,0,1,0,0,0,0,0,0,2,396.25,80.25,554.25,4,321,8,4434,54,1,0,0,0,0,0,0,0,0,Brute_Force
6280,1,1,0,0,0,0,0.0,0.0,0,0,0.0,0.0,0.0,318.4713,6280.0,0.0,6280,6280,0,0.0,0.0,0,0,0,0.0,0.0,0,0,0,0,20,20,159.2357,159.2357,0,0,0.0,0.0,0.0,0,0,0,0,1,0,0,0,1,0.0,0.0,0.0,1,0,1,0,4106,0,0,0,0,0,0,0,0,0,Brute_Force
119613078,169,1,0,0,0,0,0.0,0.0,0,0,0.0,0.0,0.0,1.4212,707769.6923,1013069.251,6193029,0,119037560,708556.9048,1016046.02,6193029,0,0,0.0,0.0,0,0,0,0,0,0,1.4129,0.0084,0,0,0.0,0.0,0.0,0,0,0,0,0,0,0,0,0,0.0,0.0,0.0,169,0,1,0,-1,0,30736606,20029805,53806996,17783340,5516797,605330,6193029,5025526,Normal
15816941,41,83,1932,86799,796,0,47.122,154.2104,1356,0,1045.7711,540.2843,5609.8711,7.8397,128593.0163,1181924.855,13099333,0,15658916,391472.9,2065129.313,13099333,12,2717490,33140.122,111760.8161,801297,0,0,0,928,1684,2.5922,5.2475,0,1356,709.848,652.3223,425524.3719,0,1,0,0,0,0,0,0,2,715.5726,47.122,1045.7711,41,1932,83,86799,331,8,2717503,0,2717503,2717503,13099333,0,13099333,13099333,Normal
6768,4,8,317,4434,317,0,79.25,158.5,1460,0,554.25,750.2544,701979.9054,1773.0496,615.2727,1099.6327,3509,53,6543,2181.0,1575.6323,3509,440,6768,966.8571,1335.7544,3637,88,0,0,80,184,591.0165,1182.0331,0,1460,365.4615,629.9403,396824.7692,0,1,0,0,0,0,0,0,2,395.9167,79.25,554.25,4,317,8,4434,54,1,0,0,0,0,0,0,0,0,Brute_Force
23419,1,1,0,0,0,0,0.0,0.0,0,0,0.0,0.0,0.0,85.4007,23419.0,0.0,23419,23419,0,0.0,0.0,0,0,0,0.0,0.0,0,0,0,0,20,20,42.7004,42.7004,0,0,0.0,0.0,0.0,0,0,0,0,1,0,0,0,1,0.0,0.0,0.0,1,0,1,0,4106,0,0,0,0,0,0,0,0,0,Brute_Force
9809,4,8,321,4434,321,0,80.25,160.5,1460,0,554.25,750.2544,484758.8949,1223.3663,891.7273,1693.238,5048,38,9360,3120.0,2714.3863,5676,271,9809,1401.2857,2048.7607,5048,134,0,0,80,184,407.7888,815.5775,0,1460,365.7692,629.9156,396793.6923,0,1,0,0,0,0,0,0,2,396.25,80.25,554.25,4,321,8,4434,54,1,0,0,0,0,0,0,0,0,Brute_Force
20825,3,7,315,4434,315,0,105.0,181.8653,1460,0,633.4286,773.4224,228043.2173,480.1921,2313.8889,3370.2293,10124,67,10266,5133.0,813.1728,5708,4558,20825,3470.8333,3805.6306,10297,175,0,0,60,164,144.0576,336.1345,0,1460,431.7273,666.8334,444666.8182,0,1,0,0,0,0,0,0,2,474.9,105.0,633.4286,3,315,7,4434,54,1,0,0,0,0,0,0,0,0,Brute_Force
9167,4,8,326,4434,326,0,81.5,163.0,1460,0,554.25,750.2544,519253.8453,1309.0433,833.3636,1630.768,5484,56,8936,2978.6667,2554.3346,5484,378,9167,1309.5714,2029.9269,5705,67,0,0,80,184,436.3478,872.6955,0,1460,366.1538,629.8875,396758.3077,0,1,0,0,0,0,0,0,2,396.6667,81.5,554.25,4,326,8,4434,54,1,0,0,0,0,0,0,0,0,Brute_Force
7181,3,6,1146,1295,956,0,382.0,506.0949,1295,0,215.8333,528.6815,339924.8016,1253.3073,897.625,1835.6311,5352,0,114,57.0,24.0416,74,40,7181,1436.2,2237.8412,5352,0,0,0,60,144,417.7691,835.5382,0,1295,244.1,475.0688,225690.3222,0,1,0,0,0,0,0,0,2,271.2222,382.0,215.8333,3,1146,6,1295,503,2,0,0,0,0,0,0,0,0,Normal
3755,1,1,0,0,0,0,0.0,0.0,0,0,0.0,0.0,0.0,532.6232,3755.0,0.0,3755,3755,0,0.0,0.0,0,0,0,0.0,0.0,0,0,0,0,20,20,266.3116,266.3116,0,0,0.0,0.0,0.0,0,0,0,0,1,0,0,0,1,0.0,0.0,0.0,1,0,1,0,513,0,0,0,0,0,0,0,0,0,Brute_Force
7694,4,8,322,4434,322,0,80.5,161.0,1460,0,554.25,750.2544,618144.0083,1559.6569,699.4545,1264.4704,3631,48,7394,2464.6667,1918.2837,4183,395,7694,1099.1429,1513.2919,3631,120,0,0,80,184,519.8856,1039.7713,0,1460,365.8462,629.9098,396786.3077,0,1,0,0,0,0,0,0,2,396.3333,80.5,554.25,4,322,8,4434,54,1,0,0,0,0,0,0,0,0,Brute_Force
10572,1,1,0,0,0,0,0.0,0.0,0,0,0.0,0.0,0.0,189.179,10572.0,0.0,10572,10572,0,0.0,0.0,0,0,0,0.0,0.0,0,0,0,0,20,20,94.5895,94.5895,0,0,0.0,0.0,0.0,0,0,0,0,1,0,0,0,1,0.0,0.0,0.0,1,0,1,0,4106,0,0,0,0,0,0,0,0,0,Brute_Force
119304002,89,1,4450,50,50,50,50.0,0.0,50,50,50.0,0.0,37.7188,0.7544,1340494.404,2084384.925,12712772,748935,118553984,1347204.364,2095362.972,12712772,748935,0,0.0,0.0,0,0,0,0,712,8,0.746,0.0084,50,50,50.0,0.0,0.0,0,0,0,0,0,0,0,0,0,50.5556,50.0,50.0,89,4450,1,50,-1,89,15507431,8023614,23205459,4218948,10368267,2881972,12712772,6808920,Normal
8622,4,8,318,4434,318,0,79.5,159.0,1460,0,554.25,750.2544,551148.2255,1391.7884,783.8182,1578.4337,5480,52,7962,2654.0,2546.6297,5480,537,8622,1231.7143,1997.845,5729,224,0,0,80,184,463.9295,927.859,0,1460,365.5385,629.9339,396816.7692,0,1,0,0,0,0,0,0,2,396.0,79.5,554.25,4,318,8,4434,54,1,0,0,0,0,0,0,0,0,Brute_Force
10239,4,8,314,4434,314,0,78.5,157.0,1460,0,554.25,750.2544,463717.1599,1171.9895,930.8182,1823.5007,5494,45,10002,3334.0,2873.7782,6113,374,10239,1462.7143,2193.2131,5494,114,0,0,80,184,390.6632,781.3263,0,1460,365.2308,629.9601,396849.6923,0,1,0,0,0,0,0,0,2,395.6667,78.5,554.25,4,314,8,4434,54,1,0,0,0,0,0,0,0,0,Brute_Force
16912,0,2,0,0,0,0,0.0,0.0,0,0,0.0,0.0,0.0,118.2592,16912.0,0.0,16912,16912,0,0.0,0.0,0,0,16912,16912.0,0.0,16912,16912,0,0,0,44,0.0,118.2592,0,0,0.0,0.0,0.0,0,1,0,0,0,0,0,0,0,0.0,0.0,0.0,0,0,2,0,0,0,0,0,0,0,0,0,0,0,Port_Scan
8528,4,8,318,4434,318,0,79.5,159.0,1460,0,554.25,750.2544,557223.2645,1407.1295,775.2727,1574.7071,5077,52,8347,2782.3333,2718.6192,5698,317,8528,1218.2857,1913.6854,5077,65,0,0,80,184,469.0432,938.0863,0,1460,365.5385,629.9339,396816.7692,0,1,0,0,0,0,0,0,2,396.0,79.5,554.25,4,318,8,4434,54,1,0,0,0,0,0,0,0,0,Brute_Force
119526944,41,1,820,20,20,20,20.0,0.0,20,20,20.0,0.0,7.0277,0.3514,2915291.317,3006.623,2920049,2906349,116610496,2915262.4,3039.1459,2920049,2906349,0,0.0,0.0,0,0,0,0,328,8,0.343,0.0084,20,20,20.0,0.0,0.0,0,0,0,0,0,0,0,0,0,20.4762,20.0,20.0,41,820,1,20,-1,41,0,0,0,0,0,0,0,0,Normal
119350125,170,1,0,0,0,0,0.0,0.0,0,0,0.0,0.0,0.0,1.4328,702059.5588,857528.5689,5560559,0,119195265,705297.426,859034.0559,5560559,0,0,0.0,0.0,0,0,0,0,0,0,1.4244,0.0084,0,0,0.0,0.0,0.0,0,0,0,0,0,0,0,0,0,0.0,0.0,0.0,170,0,1,0,-1,0,23349391,0,23349391,23349391,5560559,0,5560559,5560559,Normal
9156,4,8,317,4434,317,0,79.25,158.5,1460,0,554.25,750.2544,518894.7138,1310.616,832.3636,1680.2,5224,38,8962,2987.3333,2745.1902,5778,290,9156,1308.0,2018.4825,5224,101,0,0,80,184,436.872,873.744,0,1460,365.4615,629.9403,396824.7692,0,1,0,0,0,0,0,0,2,395.9167,79.25,554.25,4,317,8,4434,54,1,0,0,0,0,0,0,0,0,Brute_Force
7732419,22,50,4811,54235,1124,0,218.6818,420.637,1356,0,1084.7,523.2367,7636.1615,9.3114,108907.3099,472729.1826,3239991,0,7648693,364223.4762,829575.9865,3239991,13,4492413,91681.898,367524.2025,2194896,0,0,0,452,1024,2.8452,6.4663,0,1356,808.8493,637.401,406280.0742,0,1,0,0,0,0,0,0,2,820.0833,218.6818,1084.7,22,4811,50,54235,307,6,0,0,0,0,0,0,0,0,Normal
2251778,1,1,174,174,174,174,174.0,0.0,174,174,174.0,0.0,154.5445,0.8882,2251778.0,0.0,2251778,2251778,0,0.0,0.0,0,0,0,0.0,0.0,0,0,0,0,8,8,0.4441,0.4441,174,174,174.0,0.0,0.0,0,0,0,0,0,0,0,0,1,261.0,174.0,174.0,1,174,1,174,-1,1,0,0,0,0,0,0,0,0,Normal
28661,3,7,317,4434,317,0,105.6667,183.02,1460,0,633.4286,773.4224,165765.3257,348.9062,3184.5556,4899.9822,14792,120,19984,9992.0,9719.8898,16865,3119,28661,4776.8333,5621.6142,14792,155,0,0,60,164,104.6719,244.2343,0,1460,431.9091,666.7987,444620.4909,0,1,0,0,0,0,0,0,2,475.1,105.6667,633.4286,3,317,7,4434,54,1,0,0,0,0,0,0,0,0,Brute_Force
201,0,2,0,0,0,0,0.0,0.0,0,0,0.0,0.0,0.0,9950.2488,201.0,0.0,201,201,0,0.0,0.0,0,0,201,201.0,0.0,201,201,0,0,0,52,0.0,9950.2488,0,0,0.0,0.0,0.0,0,1,0,0,0,0,0,0,0,0.0,0.0,0.0,0,0,2,0,0,0,0,0,0,0,0,0,0,0,Port_Scan
3002168,3,1,522,174,174,174,174.0,0.0,174,174,174.0,0.0,231.8325,1.3324,1000722.667,564.6471,1001124,1000077,2001201,1000600.5,740.3408,1001124,1000077,0,0.0,0.0,0,0,0,0,24,8,0.9993,0.3331,174,174,174.0,0.0,0.0,0,0,0,0,0,0,0,0,0,217.5,174.0,174.0,3,522,1,174,-1,3,0,0,0,0,0,0,0,0,Normal
15334,4,8,317,4434,317,0,79.25,158.5,1460,0,554.25,750.2544,309834.355,782.5747,1394.0,2574.067,7330,71,14775,4925.0,4189.9169,8643,385,15334,2190.5714,3245.217,7330,154,0,0,80,184,260.8582,521.7164,0,1460,365.4615,629.9403,396824.7692,0,1,0,0,0,0,0,0,2,395.9167,79.25,554.25,4,317,8,4434,54,1,0,0,0,0,0,0,0,0,Brute_Force
2344760,15,1,472,32,32,31,31.4667,0.5164,32,32,32.0,0.0,214.9474,6.8237,156317.3333,590908.6919,2292264,705,2343811,167415.0714,611590.5867,2292264,705,0,0.0,0.0,0,0,0,0,120,8,6.3972,0.4265,31,32,31.5294,0.5145,0.2647,0,0,0,0,0,0,0,0,0,33.5,31.4667,32.0,15,472,1,32,-1,15,0,0,0,0,0,0,0,0,Normal
468,2,2,0,0,0,0,0.0,0.0,0,0,0.0,0.0,0.0,8547.0085,156.0,62.6019,223,99,99,99.0,0.0,99,99,223,223.0,0.0,223,223,0,0,40,64,4273.5043,4273.5043,0,0,0.0,0.0,0.0,0,1,0,0,0,0,0,0,1,0.0,0.0,0.0,2,0,2,0,5840,0,0,0,0,0,0,0,0,0,Port_Scan
77,1,1,0,0,0,0,0.0,0.0,0,0,0.0,0.0,0.0,25974.026,77.0,0.0,77,77,0,0.0,0.0,0,0,0,0.0,0.0,0,0,0,0,20,20,12987.013,12987.013,0,0,0.0,0.0,0.0,0,0,0,0,1,0,0,0,1,0.0,0.0,0.0,1,0,1,0,4106,0,0,0,0,0,0,0,0,0,Brute_Force
6662407,5,1,3280,656,656,656,656.0,0.0,656,656,656.0,0.0,590.7775,0.9006,1332481.4,735246.7503,2000991,380236,6282171,1570542.75,585629.8627,2000991,760406,0,0.0,0.0,0,0,0,0,40,8,0.7505,0.1501,656,656,656.0,0.0,0.0,0,0,0,0,0,0,0,0,0,765.3333,656.0,656.0,5,3280,1,656,-1,5,0,0,0,0,0,0,0,0,Normal
8970,4,8,320,4434,320,0,80.0,160.0,1460,0,554.25,750.2544,529988.8517,1337.7926,815.4545,1583.4955,4745,48,8650,2883.3333,2483.7692,5246,294,8970,1281.4286,1894.3083,4745,105,0,0,80,184,445.9309,891.8618,0,1460,365.6923,629.9216,396801.2308,0,1,0,0,0,0,0,0,2,396.1667,80.0,554.25,4,320,8,4434,54,1,0,0,0,0,0,0,0,0,Brute_Force
32124,4,8,325,4434,325,0,81.25,162.5,1460,0,554.25,750.2544,148144.6893,373.5525,2920.3636,8412.3263,28172,29,31837,10612.3333,15281.0642,28172,331,32124,4589.1429,10477.4362,28253,126,0,0,80,184,124.5175,249.035,0,1460,366.0769,629.8929,396765.0769,0,1,0,0,0,0,0,0,2,396.5833,81.25,554.25,4,325,8,4434,54,1,0,0,0,0,0,0,0,0,Brute_Force
7215,3,6,1146,1295,956,0,382.0,506.0949,1295,0,215.8333,528.6815,338322.9383,1247.4012,901.875,1897.8956,5537,0,172,86.0,49.4975,121,51,7215,1443.0,2327.0353,5537,0,0,0,60,144,415.8004,831.6008,0,1295,244.1,475.0688,225690.3222,0,1,0,0,0,0,0,0,2,271.2222,382.0,215.8333,3,1146,6,1295,503,2,0,0,0,0,0,0,0,0,Normal
8102,1,1,0,0,0,0,0.0,0.0,0,0,0.0,0.0,0.0,246.8526,8102.0,0.0,8102,8102,0,0.0,0.0,0,0,0,0.0,0.0,0,0,0,0,20,20,123.4263,123.4263,0,0,0.0,0.0,0.0,0,0,0,0,1,0,0,0,1,0.0,0.0,0.0,1,0,1,0,4106,0,0,0,0,0,0,0,0,0,Brute_Force
26504,4,8,319,4434,319,0,79.75,159.5,1460,0,554.25,750.2544,179331.4217,452.7618,2409.4545,5935.1567,20127,6,25024,8341.3333,10387.4733,20335,2228,26504,3786.2857,7454.0772,20328,33,0,0,80,184,150.9206,301.8412,0,1460,365.6154,629.9277,396808.9231,0,1,0,0,0,0,0,0,2,396.0833,79.75,554.25,4,319,8,4434,54,1,0,0,0,0,0,0,0,0,Brute_Force
90235343,3,3,0,3,0,0,0.0,0.0,1,1,1.0,0.0,0.0332,0.0665,18047068.6,24604314.38,45002628,78566,90156697,45078348.5,4131.6249,45081270,45075427,90156701,45078350.5,4021.3163,45081194,45075507,0,0,96,60,0.0332,0.0332,0,1,0.5714,0.5345,0.2857,0,0,0,0,1,0,0,0,1,0.6667,0.0,1.0,3,0,3,3,258,0,78606,57,78646,78566,44999744,4078,45002628,44996861,Normal
11678,4,8,318,4434,318,0,79.5,159.0,1460,0,554.25,750.2544,406918.993,1027.5732,1061.6364,2255.348,7107,45,11502,3834.0,3698.3033,7667,287,11678,1668.2857,2739.6837,7107,76,0,0,80,184,342.5244,685.0488,0,1460,365.5385,629.9339,396816.7692,0,1,0,0,0,0,0,0,2,396.0,79.5,554.25,4,318,8,4434,54,1,0,0,0,0,0,0,0,0,Brute_Force
20078,1,1,0,0,0,0,0.0,0.0,0,0,0.0,0.0,0.0,99.6115,20078.0,0.0,20078,20078,0,0.0,0.0,0,0,0,0.0,0.0,0,0,0,0,20,20,49.8058,49.8058,0,0,0.0,0.0,0.0,0,0,0,0,1,0,0,0,1,0.0,0.0,0.0,1,0,1,0,4106,0,0,0,0,0,0,0,0,0,Brute_Force
1486060,2,1,100,50,50,50,50.0,0.0,50,50,50.0,0.0,100.9381,2.0188,743030.0,9987.1762,750092,735968,750092,750092.0,0.0,750092,750092,0,0.0,0.0,0,0,0,0,16,8,1.3458,0.6729,50,50,50.0,0.0,0.0,0,0,0,0,0,0,0,0,0,66.6667,50.0,50.0,2,100,1,50,-1,2,0,0,0,0,0,0,0,0,Normal
88074814,5,1,250,50,50,50,50.0,0.0,50,50,50.0,0.0,3.4062,0.0681,17614962.8,37680218.07,85019386,763192,87311622,21827905.5,42127653.67,85019386,763410,0,0.0,0.0,0,0,0,0,40,8,0.0568,0.0114,50,50,50.0,0.0,0.0,0,0,0,0,0,0,0,0,0,58.3333,50.0,50.0,5,250,1,50,-1,5,1527585,0,1527585,1527585,85019386,0,85019386,85019386,Normal
7132,4,8,317,4434,317,0,79.25,158.5,1460,0,554.25,750.2544,666152.5519,1682.5575,648.3636,1204.4944,3774,7,6977,2325.6667,1625.8666,3774,567,7132,1018.8571,1489.3262,3948,58,0,0,80,184,560.8525,1121.705,0,1460,365.4615,629.9403,396824.7692,0,1,0,0,0,0,0,0,2,395.9167,79.25,554.25,4,317,8,4434,54,1,0,0,0,0,0,0,0,0,Brute_Force
6996,4,8,316,4434,316,0,79.0,158.0,1460,0,554.25,750.2544,678959.4054,1715.2659,636.0,1172.1828,3938,46,6757,2252.3333,1830.5803,3938,305,6996,999.4286,1596.4275,4447,113,0,0,80,184,571.7553,1143.5106,0,1460,365.3846,629.9468,396832.9231,0,1,0,0,0,0,0,0,2,395.8333,79.0,554.25,4,316,8,4434,54,1,0,0,0,0,0,0,0,0,Brute_Force
2422,1,1,0,0,0,0,0.0,0.0,0,0,0.0,0.0,0.0,825.7638,2422.0,0.0,2422,2422,0,0.0,0.0,0,0,0,0.0,0.0,0,0,0,0,20,20,412.8819,412.8819,0,0,0.0,0.0,0.0,0,0,0,0,1,0,0,0,1,0.0,0.0,0.0,1,0,1,0,4106,0,0,0,0,0,0,0,0,0,Brute_Force
7021,1,1,0,0,0,0,0.0,0.0,0,0,0.0,0.0,0.0,284.8597,7021.0,0.0,7021,7021,0,0.0,0.0,0,0,0,0.0,0.0,0,0,0,0,20,20,142.4299,142.4299,0,0,0.0,0.0,0.0,0,0,0,0,1,0,0,0,1,0.0,0.0,0.0,1,0,1,0,4106,0,0,0,0,0,0,0,0,0,Brute_Force
6037362,11,1,5114,445,488,436,464.9091,24.4804,445,445,445.0,0.0,920.7664,1.9876,548851.0909,1209132.126,2994447,351,6022305,602230.5,1260801.122,2994447,351,0,0.0,0.0,0,0,0,0,88,8,1.822,0.1656,436,488,461.8462,23.565,555.3077,0,0,0,0,0,0,0,0,0,500.3333,464.9091,445.0,11,5114,1,445,-1,11,0,0,0,0,0,0,0,0,Normal
38596,4,8,319,4434,319,0,79.75,159.5,1460,0,554.25,750.2544,123147.4764,310.913,3508.7273,6952.3209,17803,39,38144,12714.6667,10319.6802,19935,895,38596,5513.7143,8509.6349,18127,127,0,0,80,184,103.6377,207.2754,0,1460,365.6154,629.9277,396808.9231,0,1,0,0,0,0,0,0,2,396.0833,79.75,554.25,4,319,8,4434,54,1,0,0,0,0,0,0,0,0,Brute_Force
6752,4,8,319,4434,319,0,79.75,159.5,1460,0,554.25,750.2544,703939.5735,1777.2512,613.8182,1131.3167,3782,54,6497,2165.6667,1705.5938,3782,383,6752,964.5714,1388.7918,3924,109,0,0,80,184,592.4171,1184.8341,0,1460,365.6154,629.9277,396808.9231,0,1,0,0,0,0,0,0,2,396.0833,79.75,554.25,4,319,8,4434,54,1,0,0,0,0,0,0,0,0,Brute_Force
86004784,4,4,134,707,134,0,33.5,67.0,707,0,176.75,353.5,9.7785,0.093,12286397.71,32430286.83,85831341,44,85934777,28644925.67,49524915.28,85831341,144,173399,57799.6667,21401.2165,70377,33089,0,0,80,104,0.0465,0.0465,0,707,93.4444,234.3124,54902.2778,0,1,0,0,0,0,0,0,1,105.125,33.5,176.75,4,134,4,707,237,1,0,0,0,0,0,0,0,0,Normal
10338,4,8,315,4434,315,0,78.75,157.5,1460,0,554.25,750.2544,459373.1863,1160.7661,939.8182,1526.6144,4916,47,8183,2727.6667,2195.5351,4916,525,10338,1476.8571,1843.5576,5152,126,0,0,80,184,386.922,773.8441,0,1460,365.3077,629.9534,396841.2308,0,1,0,0,0,0,0,0,2,395.75,78.75,554.25,4,315,8,4434,54,1,0,0,0,0,0,0,0,0,Brute_Force
88941009,8,1,400,50,50,50,50.0,0.0,50,50,50.0,0.0,5.0595,0.1012,11117626.13,24363202.12,70284464,748956,88192036,12598862.29,25923258.32,70284464,748956,0,0.0,0.0,0,0,0,0,64,8,0.0899,0.0112,50,50,50.0,0.0,0.0,0,0,0,0,0,0,0,0,0,55.5556,50.0,50.0,8,400,1,50,-1,8,1498974,19,1498987,1498960,42222062,39686229,70284464,14159661,Normal
21315,4,8,319,4434,319,0,79.75,159.5,1460,0,554.25,750.2544,222988.5057,562.9838,1937.7273,5005.9471,16858,33,20505,6835.0,8804.6861,16858,348,21315,3045.0,6188.0062,16938,141,0,0,80,184,187.6613,375.3225,0,1460,365.6154,629.9277,396808.9231,0,1,0,0,0,0,0,0,2,396.0833,79.75,554.25,4,319,8,4434,54,1,0,0,0,0,0,0,0,0,Brute_Force
19198,1,1,0,0,0,0,0.0,0.0,0,0,0.0,0.0,0.0,104.1775,19198.0,0.0,19198,19198,0,0.0,0.0,0,0,0,0.0,0.0,0,0,0,0,20,20,52.0888,52.0888,0,0,0.0,0.0,0.0,0,0,0,0,1,0,0,0,1,0.0,0.0,0.0,1,0,1,0,4106,0,0,0,0,0,0,0,0,0,Brute_Force
18205,1,1,0,0,0,0,0.0,0.0,0,0,0.0,0.0,0.0,109.8599,18205.0,0.0,18205,18205,0,0.0,0.0,0,0,0,0.0,0.0,0,0,0,0,20,20,54.93,54.93,0,0,0.0,0.0,0.0,0,0,0,0,1,0,0,0,1,0.0,0.0,0.0,1,0,1,0,4106,0,0,0,0,0,0,0,0,0,Brute_Force
7299,3,7,319,4434,319,0,106.3333,184.1747,1460,0,633.4286,773.4224,651185.0938,1370.0507,811.0,995.9675,2802,46,5822,2911.0,154.1493,3020,2802,7299,1216.5,1296.7231,3338,75,0,0,60,164,411.0152,959.0355,0,1460,432.0909,666.7645,444574.8909,0,1,0,0,0,0,0,0,2,475.3,106.3333,633.4286,3,319,7,4434,54,1,0,0,0,0,0,0,0,0,Brute_Force
119998583,2,1,0,0,0,0,0.0,0.0,0,0,0.0,0.0,0.0,0.025,60000000.0,869.0342,60000000,60000000,60000000,60000000.0,0.0,60000000,60000000,0,0.0,0.0,0,0,0,0,0,0,0.0167,0.0083,0,0,0.0,0.0,0.0,0,0,0,0,0,0,0,0,0,0.0,0.0,0.0,2,0,1,0,-1,0,0,0,0,0,60000000,869,60000000,60000000,Normal
7732,4,8,319,4434,319,0,79.75,159.5,1460,0,554.25,750.2544,614718.0548,1551.9917,702.9091,1329.5982,4353,72,7455,2485.0,1961.9297,4353,441,7732,1104.5714,1651.0124,4550,101,0,0,80,184,517.3306,1034.6611,0,1460,365.6154,629.9277,396808.9231,0,1,0,0,0,0,0,0,2,396.0833,79.75,554.25,4,319,8,4434,54,1,0,0,0,0,0,0,0,0,Brute_Force
298,0,2,0,0,0,0,0.0,0.0,0,0,0.0,0.0,0.0,6711.4094,298.0,0.0,298,298,0,0.0,0.0,0,0,298,298.0,0.0,298,298,0,0,0,52,0.0,6711.4094,0,0,0.0,0.0,0.0,0,1,0,0,0,0,0,0,0,0.0,0.0,0.0,0,0,2,0,0,0,0,0,0,0,0,0,0,0,Port_Scan
64,0,2,0,0,0,0,0.0,0.0,0,0,0.0,0.0,0.0,31250.0,64.0,0.0,64,64,0,0.0,0.0,0,0,64,64.0,0.0,64,64,0,0,0,52,0.0,31250.0,0,0,0.0,0.0,0.0,0,1,0,0,0,0,0,0,0,0.0,0.0,0.0,0,0,2,0,0,0,0,0,0,0,0,0,0,0,Port_Scan
26468,4,8,316,4434,316,0,79.0,158.0,1460,0,554.25,750.2544,179461.9918,453.3777,2406.1818,6755.4512,22639,46,26221,8740.3333,12123.1439,22639,345,26468,3781.1429,8412.9732,22742,92,0,0,80,184,151.1259,302.2518,0,1460,365.3846,629.9468,396832.9231,0,1,0,0,0,0,0,0,2,395.8333,79.0,554.25,4,316,8,4434,54,1,0,0,0,0,0,0,0,0,Brute_Force
12595,1,1,0,0,0,0,0.0,0.0,0,0,0.0,0.0,0.0,158.7932,12595.0,0.0,12595,12595,0,0.0,0.0,0,0,0,0.0,0.0,0,0,0,0,20,20,79.3966,79.3966,0,0,0.0,0.0,0.0,0,0,0,0,1,0,0,0,1,0.0,0.0,0.0,1,0,1,0,4106,0,0,0,0,0,0,0,0,0,Brute_Force
61525880,19,32,1239,10971,517,0,65.2105,119.7797,1356,0,342.8438,516.9736,198.4531,0.8289,1230517.6,6654254.586,44997083,0,46368505,2576028.056,10587305.59,44997083,57,61525880,1984705.806,8440590.953,45152842,0,0,0,380,676,0.3088,0.5201,0,1356,234.8077,432.0153,186637.178,0,1,0,0,0,0,0,0,1,239.4118,65.2105,342.8438,19,1239,32,10971,145,10,841458,969783,1527198,155718,29921482,21320119,44997083,14845881,Normal
